{
  "properties": {
    "connectionReferences": {
      "shared_office365": {
        "runtimeSource": "embedded",
        "connection": {
          "connectionReferenceLogicalName": "md_Office365Outlook"
        },
        "api": {
          "name": "shared_office365"
        }
      },
      "shared_commondataserviceforapps_1": {
        "runtimeSource": "embedded",
        "connection": {
          "connectionReferenceLogicalName": "md_sharedcommondataserviceforapps_b00e5"
        },
        "api": {
          "name": "shared_commondataserviceforapps"
        }
      }
    },
    "definition": {
      "$schema": "https://schema.management.azure.com/providers/Microsoft.Logic/schemas/2016-06-01/workflowdefinition.json#",
      "contentVersion": "1.0.0.0",
      "parameters": {
        "$connections": {
          "defaultValue": {},
          "type": "Object"
        },
        "$authentication": {
          "defaultValue": {},
          "type": "SecureObject"
        },
        "Email Notifications Target (md_EmailNotificationsTarget)": {
          "defaultValue": "mdevaney@hitachisolutions.com",
          "type": "String",
          "metadata": {
            "schemaName": "md_EmailNotificationsTarget"
          }
        }
      },
      "triggers": {
        "Recurrence": {
          "recurrence": {
            "frequency": "Day",
            "interval": 1,
            "startTime": "2022-04-21T15:00:00Z"
          },
          "metadata": {
            "operationMetadataId": "c4ea6380-ec4c-4f17-9d36-928c217729b6"
          },
          "type": "Recurrence"
        }
      },
      "actions": {
        "Send_an_email_(V2)": {
          "runAfter": {
            "Create_HTML_table": [
              "Succeeded"
            ]
          },
          "metadata": {
            "operationMetadataId": "bf10defc-4580-4b15-9a61-aaffb4f1f1cc"
          },
          "type": "OpenApiConnection",
          "inputs": {
            "host": {
              "connectionName": "shared_office365",
              "operationId": "SendEmailV2",
              "apiId": "/providers/Microsoft.PowerApps/apis/shared_office365"
            },
            "parameters": {
              "emailMessage/To": "@parameters('Email Notifications Target (md_EmailNotificationsTarget)')",
              "emailMessage/Subject": "Daily Exchange Rate - USD to CAD",
              "emailMessage/Body": "<p>@{body('Create_HTML_table')}</p>"
            },
            "authentication": "@parameters('$authentication')"
          }
        },
        "List_rows": {
          "runAfter": {},
          "metadata": {
            "operationMetadataId": "7f1c8722-8788-4c6f-9021-f0817ee39d3a"
          },
          "type": "OpenApiConnection",
          "inputs": {
            "host": {
              "connectionName": "shared_commondataserviceforapps_1",
              "operationId": "ListRecords",
              "apiId": "/providers/Microsoft.PowerApps/apis/shared_commondataserviceforapps"
            },
            "parameters": {
              "entityName": "md_exchangerates",
              "$select": "_md_fromcurrency_value, _md_tocurrency_value, md_exchangerate",
              "$filter": "_md_fromcurrency_value eq 960ffc2a-b8c1-ec11-983e-000d3a09e07d and md_exchangedate eq 2022-04-20T05:00:00Z",
              "$expand": "md_ToCurrency($select=md_name)"
            },
            "authentication": "@parameters('$authentication')"
          }
        },
        "Create_HTML_table": {
          "runAfter": {
            "Select": [
              "Succeeded"
            ]
          },
          "metadata": {
            "operationMetadataId": "2f008e77-1401-42e9-b1d5-7b7204e7c237"
          },
          "type": "Table",
          "inputs": {
            "from": "@body('Select')",
            "format": "HTML"
          }
        },
        "Select": {
          "runAfter": {
            "List_rows": [
              "Succeeded"
            ]
          },
          "metadata": {
            "operationMetadataId": "c98807f0-d5ef-4b7e-a384-771f392445fd"
          },
          "type": "Select",
          "inputs": {
            "from": "@outputs('List_rows')?['body/value']",
            "select": {
              "Currency": "@item()?['md_ToCurrency']?['md_name']",
              "Exchange": "@item()?['md_exchangerate']"
            }
          }
        }
      }
    },
    "templateName": ""
  },
  "schemaVersion": "1.0.0.0"
}